scalar,RGB_r,RGB_g,RGB_b
0.0,85,72,193
0.0666666666667,98,97,203
0.133333333333,114,120,212
0.2,132,143,220
0.266666666667,152,166,226
0.333333333333,175,188,231
0.4,200,210,236
0.466666666667,227,232,240
0.533333333333,239,230,224
0.6,231,204,188
0.666666666667,224,178,156
0.733333333333,216,151,126
0.8,208,124,99
0.866666666667,198,95,76
0.933333333333,188,62,56
1.0,177,1,39
