scalar,RGB_r,RGB_g,RGB_b
0.0,0,0,0
0.0666666666667,36,3,62
0.133333333333,44,5,109
0.2,5,49,98
0.266666666667,3,72,61
0.333333333333,4,91,30
0.4,5,110,6
0.466666666667,82,122,6
0.533333333333,159,121,8
0.6,245,91,50
0.666666666667,249,121,134
0.733333333333,250,144,224
0.8,230,181,251
0.866666666667,231,209,253
0.933333333333,235,234,254
1.0,255,255,255
