scalar,RGB_r,RGB_g,RGB_b
0.0,0,0,0
0.0666666666667,39,3,54
0.133333333333,51,5,100
0.2,63,7,145
0.266666666667,10,38,200
0.333333333333,7,83,137
0.4,5,106,106
0.466666666667,6,127,83
0.533333333333,7,148,52
0.6,8,168,26
0.666666666667,45,187,9
0.733333333333,122,200,10
0.8,196,206,10
0.866666666667,250,210,153
0.933333333333,253,231,222
1.0,255,255,255
